AGV	Airtech	Full face	130.00	4	XS, S, M, L, XL, XXL
AGV	Corsa	Full face	549.99	5	XS, S, M, L, XL, XXL
AGV	GP Tech	Full face	399.00	5	XXS, XS, S, M, L, XL, XXL, XXXL
AGV	Grid	Full face	374.99	4	XXS, XS, S, M, L, XL, XXL, XXXL
AGV	Horizon	Full face	249.99	4	XS, S, M, L, XL
AGV	K Series	Full face	100.00	3	S, M, L, XL
AGV	K-3	Full face	120.00	4	XS, S, M, L, XL, XXL
AGV	K-4	Full face	179.00	4	XS, S, M, L, XL, XXL
AGV	K4 Evo	Full face	179.99	4	XS, S, M, L, XL
AGV	Longway	System	120.00	4	XS, S, M, L, XL
AGV	Numo	System	259.99	4	XS, S, M, L, XL
AGV	S-4	Full face	170.00	5	XXS, XS, S, M, L, XL, XXL
AGV	Skyline	Full face	249.99	4	XS, S, M, L, XL
AGV	Stealth	Full face	199.00	5	XXS, XS, S, M, L, XL, XXL
AGV	T2	Full face	299.00	5	XS, S, M, L, XL, XXL
AGV	Ti-Tech	Full face	300.00	4	XXS, XS, S, M, L, XL, XXL
AGV	Veloce GT	Full face	329.99	5	XS, S, M, L, XL, XXL
Airoh	Dragon	Full face	143.99	4	S, M, L, XL, XXL
Airoh	Force	Full face	140.00	3	XS, S, M, L, XL
Airoh	Leox	Full face	100.00	3	XS, S, M, L, XL
Airoh	Mathisse RS	System	150.00	2	XS, S, M, L, XL, XXL
Airoh	Miro	System	165.00	3	XS, S, M, L, XL
Airoh	Speedfire	Full face	60.00	4	XS, S, M, L, XL
Airoh	SV-55 S	System	135.00	4	XS, S, M, L, XL
Arai	Astro	Full face	330.00	3	XS, S, M, L, XL
Arai	Chaser	Full face	370.00	3	XS, S, M, L, XL
Arai	Condor	Full face	240.00	2	XS, S, M, L, XL, XXL
Arai	GP5X	Full face	250.00	5	XS, S, M, L, XL, XXL
Arai	Quantum	Full face	469.00	3	XS, S, M, L, XL, XXL
Arai	Rebel	Full face	439.99	3	XS, S, M, L, XL
Arai	RX-7 GP	Full face	589.00	4	XS, S, M, L, XL
Arai	RX7 Corsair	Full face	250.00	3	XS, S, M, L, XL, XXL
Arai	Viper GT	Full face	350.00	3	XS, S, M, L, XL, XXL
Arashi	Daytona	Full face	55.00	1	XS, S, M, L, XL
Arashi	Galaxy	Full face	49.00	3	XS, S, M, L, XL
Arashi	Phantom	Full face	69.00	4	XS, S, M, L, XL, XXL
Arashi	Sonic	Full face	49.00	3	XS, S, M, L, XL
Arashi	Steel 2	Full face	65.00	3	XS, S, M, L, XL
Arashi	Turbo	Full face	49.00	3	XS, S, M, L, XL
Arashi	Viper	Full face	65.00	4	S, M, L, XL
Bell	M1	Full face	165.00	5	XS, S, M, L, XL, XXL
Bell	M10	System	300.00	3	XS, S, M, L, XL, XXL
Bell	M3R	Full face	250.00	5	XS, S, M, L, XL, XXL
Bell	M4R	Full face	300.00	5	XS, S, M, L, XL, XXL
Bell	M4R Carbon	Full face	410.00	5	XS, S, M, L, XL, XXL
Bell	M5X	Full face	299.00	5	XS, S, M, L, XL, XXL
Bell	M5X Carbon	Full face	495.00	5	XS, S, M, L, XL, XXL
Bell	M6	Full face	299.99	5	XS, S, M, L, XL, XXL
BKS	Stealth	Full face	99.99	2	S, M, L, XL
BKS	Techno	Full face	79.99	2	S, M, L, XL
BMW	System 5	System	255.00	5	XXS, XS, S, M, L, XL, XXL
BMW	System 6	System	375.00	4	XS, S, M, L, XL, XXL
BMW	System 6 Evo	System	410.00	3	XS, S, M, L, XL, XXL
Box	BX1	Full face	60.00	4	XS, S, M, L, XL, XXL
Box	BX2	Full face	60.00	4	S, M, L, XL
Box	BX3 Dagger	Full face	54.00	2	XS, S, M, L, XL
Box	BX4	Full face	80.00	2	XS, S, M, L, XL, XXL
Box	BX5 Hurricane	Full face	70.00	4	XS, S, M, L, XL
Box	BZ1	Full face	90.00	3	XS, S, M, L, XL, XXL
Box	FX1	System	70.00	3	XS, S, M, L, XL, XXL
Box	FZ1	Full face	129.00	2	XS, S, M, L, XL, XXL
Box	SZ1	System	90.00	3	XS, S, M, L, XL
Buell	Turbulent	Full face	180.00	5	XXS, XS, S, M, L, XL, XXL
Caberg	Duke	System	144.99	5	XS, S, M, L, XL
Caberg	Justissimo GT	System	150.00	4	XS, S, M, L, XL, XXL
Caberg	Konda	System	119.99	5	XS, S, M, L, XL, XXL
Caberg	Sintesi	System	200.00	4	XS, S, M, L, XL
Caberg	Trip	System	90.00	5	XS, S, M, L, XL
Caberg	V2 407	Full face	90.00	5	XS, S, M, L, XL, XXL
Caberg	V2R	Full face	110.00	5	XXS, XS, S, M, L, XL, XXL
Caberg	V2RR	Full face	139.99	5	XS, S, M, L, XL, XXL
Caberg	V2X Carbon	Full face	225.00	3	XS, S, M, L, XL, XXL
Caberg	Vox	Full face	129.99	5	XS, S, M, L, XL
CMS	GP4	Full face	60.00	1	XS, S, M, L, XL, XXL
CMS	GP5F	Full face	159.00	1	XS, S, M, L, XL
Dainese	Airstream	Full face	190.00	1	XS, S, M, L, XL
Dainese	D-181	Full face	130.00	2	XS, S, M, L, XL, XXL
Dainese	DA530	Full face	299.00	3	XS, S, M, L, XL, XXL
Dainese	Performance	Full face	280.00	4	XS, S, M, L, XL, XXL
Duchinni	D409	Full face	90.00	4	XS, S, M, L, XL, XXL
Duchinni	D419	Full face	90.00	4	XS, S, M, L, XL, XXL
Duchinni	D601	System	90.00	1	XS, S, M, L, XL, XXL
Duchinni	D619	System	99.00	4	XS, S, M, L, XL, XXL
Duchinni	D701	Full face	50.00	4	XS, S, M, L, XL, XXL
Duchinni	D711	Full face	59.00	4	XS, S, M, L, XL, XXL
Duchinni	D721	Full face	59.99	4	XS, S, M, L, XL, XXL
Duchinni	D801	Full face	70.00	4	XXS, XS, S, M, L, XL, XXL
Duchinni	D832	Full face	59.99	5	XS, S, M, L, XL, XXL
Duchinni	D839	System	99.99	3	XS, S, M, L, XL, XXL
Duchinni	D909	Full face	149.00	4	XS, S, M, L, XL, XXL
Frank Thomas	FF07	Full face	39.99	4	XS, S, M, L, XL, XXL
Frank Thomas	FL09	System	49.99	3	XS, S, M, L, XL
Fusion	G921	Full face	60.00	2	XS, S, M, L, XL, XXL
Fusion	RR700	Full face	70.00	3	XS, S, M, L, XL, XXL
Fusion	Tranz	System	80.00	1	XS, S, M, L, XL, XXL
G-Mac	Blaze	Full face	89.99	3	S, M, L, XL
G-Mac	Concept	System	80.00	3	XS, S, M, L, XL, XXL
G-Mac	Mechanoid	Full face	59.99	4	XS, S, M, L, XL, XXL
G-Mac	Pilot	Full face	39.99	4	XS, S, M, L, XL, XXL
Givi	HPS 40.1	Full face	199.00	3	XS, S, M, L, XL
Grex	G6.1	Full face	99.99	4	XS, S, M, L, XL, XXL
Grex	G9.1	System	129.99	4	XS, S, M, L, XL, XXL
Grex	R1	Full face	80.00	4	XS, S, M, L, XL, XXL
Grex	R2	Full face	80.00	4	XS, S, M, L, XL, XXL
Grex	RF2	System	150.00	4	XS, S, M, L, XL, XXL
Harley Davidson	FXRG	Full face	400.00	4	XS, S, M, L, XL, XXL
Harley Davidson	Laguna II	Full face	165.00	1	XS, S, M, L, XL
HJC	CL-ST	Full face	110.00	3	XS, S, M, L, XL
HJC	CS-12	Full face	69.00	2	XS, S, M, L, XL, XXL
HJC	CS-12N	Full face	70.00	3	XS, S, M, L, XL, XXL
HJC	CS-14	Full face	79.99	3	XS, S, M, L, XL, XXL
HJC	CS-R1	Full face	99.00	1	XS, S, M, L, XL
HJC	FG-14	Full face	150.00	3	XS, S, M, L, XL, XXL
HJC	FG-15	Full face	150.00	4	XS, S, M, L, XL
HJC	FS MAX	System	170.00	3	XS, S, M, L, XL, XXL
HJC	FS-10	Full face	199.00	3	XS, S, M, L, XL, XXL
HJC	FS-10 Carbon	Full face	249.00	3	XS, S, M, L, XL, XXL
HJC	FS-11	Full face	190.00	3	XS, S, M, L, XL, XXL
HJC	HQ1	Full face	270.00	5	XS, S, M, L, XL
HJC	IS MAX	System	130.00	3	XS, S, M, L, XL, XXL
HJC	IS-16	Full face	119.00	2	XS, S, M, L, XL, XXL
HJC	IS-17	Full face	139.99	5	XS, S, M, L, XL, XXL
HJC	R-PHA max	System	249.99	3	XS, S, M, L, XL, XXL
HJC	SY-Max 3	System	359.99	3	XS, S, M, L, XL, XXL
HJC	TR1	Full face	119.99	2	XS, S, M, L, XL
HJC	ZF10	Full face	120.00	4	XS, S, M, L, XL, XXL
Icon	Airframe	Full face	205.00	4	XS, S, M, L, XL, XXL, XXXL
Icon	Alliance	Full face	111.84	3	XS, S, M, L, XL, XXL, XXXL
Kawasaki	Ninja	Full face	219.00	4	XS, S, M, L, XL, XXL
KBC	FFR	System	140.00	1	XXS, XS, S, M, L, XL, XXL
KBC	Force RR	Full face	90.00	1	XXS, XS, S, M, L, XL, XXL
KBC	Magnum	Full face	139.00	1	XXS, XS, S, M, L, XL, XXL
KBC	TK8	Full face	59.00	1	XXS, XS, S, M, L, XL, XXL
KBC	VR	Full face	79.99	3	XS, S, M, L, XL
KBC	VR1-X	Full face	100.00	3	XXS, XS, S, M, L, XL, XXL
KBC	VR2R	Full face	180.00	2	XXS, XS, S, M, L, XL, XXL
KBC	VR4R	Full face	179.99	2	XXS, XS, S, M, L, XL, XXL, XXXL
KBC	XP3	Full face	129.00	4	XXS, XS, S, M, L, XL, XXL
Lazer	Breva	Full face	120.00	4	XS, S, M, L, XL
Lazer	Fibre D1	Full face	200.00	4	XS, S, M, L, XL
Lazer	Fibre Pro	Full face	140.00	4	XS, S, M, L, XL, XXL
Lazer	Granville	System	100.00	4	XS, S, M, L, XL
Lazer	Kite	Full face	249.00	4	XS, S, M, L, XL, XXL
Lazer	LZ6	Full face	70.00	5	XS, S, M, L, XL
Lazer	Monaco	System	325.00	4	XXS, XS, S, M, L, XL, XXL
Lazer	Paname	System	150.00	4	XS, S, M, L, XL, XXL
Lazer	Revolution	System	170.00	4	XXS, XS, S, M, L, XL, XXL
Lazer	Solano Superskin	Full face	245.00	4	XS, S, M, L, XL, XXL
Lazer	Tornado	Full face	90.00	2	XS, S, M, L, XL
Lazer	Vertigo	Full face	80.00	4	XS, S, M, L, XL, XXL
LEM	Genesis	Full face	129.00	4	XS, S, M, L, XL, XXL
LEM	Kinetic	Full face	129.00	3	XS, S, M, L, XL, XXL
LS2	FF350 Mono	Full face	110.00	4	XS, S, M, L, XL, XXL
LS2	FF351	Full face	39.99	1	XS, S, M, L, XL, XXL
LS2	FF366 Cyber	Full face	105.00	4	XS, S, M, L, XL, XXL
LS2	FF369 Delta	System	110.00	3	XS, S, M, L, XL, XXL
LS2	FF370	System	96.00	4	XS, S, M, L, XL, XXL
LS2	FF375 Shogun	Full face	105.00	4	XS, S, M, L, XL, XXL
LS2	FF393	System	199.99	3	XS, S, M, L, XL, XXL
LS2	FF396	Full face	164.00	4	XS, S, M, L, XL, XXL
Marushin	777 Samura	Full face	99.00	5	XS, S, M, L, XL, XXL
Marushin	777 Tiger	Full face	99.00	5	XS, S, M, L, XL, XXL
Marushin	Ikusa	Full face	119.00	4	XS, S, M, L, XL, XXL
Marushin	M401	System	99.00	2	XS, S, M, L, XL, XXL
Marushin	RS1 Carbon	Full face	200.00	5	XXS, XS, S, M, L, XL, XXL
Marushin	RS2 Carbon	Full face	229.99	5	XS, S, M, L, XL, XXL
Marushin	Shivan	Full face	119.00	4	XS, S, M, L, XL, XXL
MT	Raptor	System	109.99	3	XS, S, M, L, XL, XXL
MT	Revenge	Full face	64.99	5	XS, S, M, L, XL, XXL
MT	Thunder	Full face	49.99	4	XS, S, M, L, XL, XXL
Nankai	SA-07	Full face	50.00	4	XS, S, M, L, XL, XXL
Nexx	XR1R	Full face	184.99	3	XXS, XS, S, M, L, XL, XXL, XXXL
Nexx	XR1R Carbon	Full face	299.99	3	XXS, XS, S, M, L, XL, XXL, XXXL
Nitro	Aikido	Full face	70.00	5	XS, S, M, L, XL, XXL
Nitro	Dynamo	Full face	59.99	3	XS, S, M, L, XL
Nitro	Evo Carbon FF	Full face	189.99	5	XS, S, M, L, XL, XXL
Nitro	F341-VN	System	89.99	3	XS, S, M, L, XL, XXL
Nitro	F342	System	109.99	3	XS, S, M, L, XL, XXL
Nitro	F347VN	System	99.00	3	XS, S, M, L, XL, XXL
Nitro	N1000V	Full face	40.00	2	XS, S, M, L, XL, XXL
Nitro	N1430VX	Full face	90.00	4	S, M, L, XL
Nitro	N1600VN	Full face	80.00	4	S, M, L, XL
Nitro	N1700VF	Full face	119.00	5	XS, S, M, L, XL, XXL
Nitro	N1900VF Carbon	Full face	199.99	4	XS, S, M, L, XL, XXL
Nitro	N250VX	Full face	70.00	4	XS, S, M, L, XL, XXL
Nitro	N330VX	Full face	50.00	2	S, M, L, XL
Nitro	N510V	Full face	60.00	3	XS, S, M, L, XL, XXL
Nitro	N755VX	Full face	70.00	4	S, M, L, XL
Nitro	N810VX	Full face	100.00	4	S, M, L, XL, XXL
Nitro	N820VX	Full face	120.00	4	XS, S, M, L, XL, XXL
Nitro	NP1100F	Full face	69.99	2	XS, S, M, L, XL, XXL
Nitro	NS-FF	Full face	100.00	2	XS, S, M, L, XL, XXL
Nitro	NSFC Carbon	Full face	179.00	3	XS, S, M, L, XL, XXL
Nolan	N102	System	200.00	4	XS, S, M, L, XL, XXL
Nolan	N103	System	265.00	4	XXS, XS, S, M, L, XL, XXL
Nolan	N104	System	253.00	4	XXS, XS, S, M, L, XL, XXL, XXXL
Nolan	N62	Full face	135.00	4	XS, S, M, L, XL, XXL
Nolan	N84	Full face	184.00	4	XS, S, M, L, XL, XXL
Nolan	N85	Full face	130.00	4	XXS, XS, S, M, L, XL, XXL
Nolan	N86	Full face	169.99	4	XS, S, M, L, XL, XXL
Nolan	N90	System	150.00	4	XXS, XS, S, M, L, XL, XXL
Nolan	X802	Full face	449.00	4	XS, S, M, L, XL, XXL
Nuvo	SP2	Full face	100.00	4	XS, S, M, L, XL
NZI	Convert III	System	120.00	1	XS, S, M, L, XL
NZI	Fibrup	System	256.80	2	S, M, L, XL
NZI	Premium S	Full face	135.00	3	XS, S, M, L, XL
Osbe	Highway	Full face	140.00	4	XS, S, M, L, XL, XXL
Osbe	X Race	Full face	140.00	4	XS, S, M, L, XL, XXL
Premier	Monza	Full face	170.00	4	XS, S, M, L, XL, XXL
Roof	Boxer	System	215.00	4	XS, S, M, L, XL
Roof	R010 Daytona	Full face	245.00	3	XXS, XS, S, M, L, XL, XXL
Roof	R010 Diversion	Full face	245.00	4	XS, S, M, L, XL, XXL
RST	Cobravent	Full face	70.00	4	S, M, L, XL
RST	Fusion	Full face	110.00	1	XS, S, M, L, XL
RST	PC1S	Full face	60.00	1	XS, S, M, L, XL
RST	Racevent	Full face	125.00	3	XS, S, M, L, XL, XXL
Schuberth	C2	System	370.00	4	XS, S, M, L, XL, XXL
Schuberth	C3	System	460.00	3	XS, S, M, L, XL
Schuberth	C3 Pro	System	461.55	3	XS, S, M, L, XL, XXL
Schuberth	R1	Full face	320.00	2	XS, S, M, L, XL, XXL
Schuberth	S1 Pro	Full face	450.00	2	XS, S, M, L, XL, XXL, XXXL
Schuberth	S2	Full face	449.99	3	XS, S, M, L, XL, XXL
Schuberth	SR1	Full face	499.99	4	XS, S, M, L, XL, XXL, XXXL
Scorpion	EXO 1000	Full face	259.00	4	XS, S, M, L, XL, XXL
Scorpion	Exo 1000 Air E11	Full face	269.99	3	XS, S, M, L, XL
Scorpion	Exo 2000	Full face	280.00	3	XS, S, M, L, XL, XXL
Scorpion	EXO 400	Full face	99.00	3	XS, S, M, L, XL, XXL
Scorpion	Exo 410	Full face	129.99	4	XS, S, M, L, XL, XXL
Scorpion	EXO 450	Full face	139.00	3	XS, S, M, L, XL, XXL
Scorpion	Exo 500 Air	Full face	179.99	4	XS, S, M, L, XL, XXL, XXXL
Scorpion	EXO 700	Full face	159.00	4	S, M, L, XL
Scorpion	EXO 750	Full face	189.00	4	XS, S, M, L, XL, XXL
Scorpion	EXO 900 Air	System	229.00	3	XS, S, M, L, XL, XXL, XXXL
Shark	Evoline	System	299.00	4	XS, S, M, L, XL
Shark	Evoline 3	System	299.99	5	XS, S, M, L, XL
Shark	Openline	System	149.00	3	XS, S, M, L, XL
Shark	Race R	Full face	339.00	5	XS, S, M, L, XL
Shark	Race R Pro	Full face	499.00	5	XS, S, M, L, XL
Shark	Race R Pro Carbon	Full face	431.00	5	XS, S, M, L, XL
Shark	RSF 2i	Full face	159.00	4	XS, S, M, L, XL
Shark	RSF3	Full face	219.00	4	XS, S, M, L, XL
Shark	RSI	Full face	229.00	4	XS, S, M, L, XL
Shark	RSI Carbon	Full face	339.00	4	XS, S, M, L, XL, XXL
Shark	RSR2	Full face	320.00	5	XS, S, M, L, XL
Shark	RSR2 Carbon	Full face	439.00	5	XS, S, M, L, XL
Shark	RSX	Full face	169.00	5	XS, S, M, L, XL
Shark	S500 Air	Full face	99.00	4	XS, S, M, L, XL, XXL
Shark	S600	Full face	99.00	4	XS, S, M, L, XL, XXL
Shark	S650	Full face	125.00	4	XS, S, M, L, XL
Shark	S700	Full face	139.00	4	XS, S, M, L, XL
Shark	S800	Full face	150.00	4	XS, S, M, L, XL
Shark	S900	Full face	169.00	4	XS, S, M, L, XL
Shark	Speed-R	Full face	239.00	4	XS, S, M, L, XL
Shark	Vision R	Full face	239.00	4	XS, S, M, L, XL, XXL
Shark	Vision R GT Carbon	Full face	179.99	4	XS, S, M, L, XL
Shoei	GT Air	Full face	469.99	3	XS, S, M, L, XL
Shoei	Multitech	System	420.00	3	XS, S, M, L, XL, XXL
Shoei	Neotec	System	469.99	4	XS, S, M, L, XL, XXL
Shoei	Qwest	Full face	259.00	5	XS, S, M, L, XL, XXL
Shoei	Raid II	Full face	240.00	4	XS, S, M, L, XL
Shoei	X Spirit	Full face	325.00	4	XS, S, M, L, XL
Shoei	X Spirit II	Full face	480.00	5	XS, S, M, L, XL, XXL
Shoei	XR-1000	Full face	295.00	3	XS, S, M, L, XL
Shoei	XR-1100	Full face	379.00	5	XS, S, M, L, XL, XXL
Spada	Evolution	Full face	54.95	4	XS, S, M, L, XL
Spada	Tucana	System	109.95	2	XS, S, M, L, XL
Sparx	S-07	Full face	70.00	3	XS, S, M, L, XL
Suomy	Extreme	Full face	400.00	3	S, M, L, XL
Suomy	Gunwind	Full face	220.00	3	S, M, L, XL
Suomy	Spec 1R	Full face	300.00	3	S, M, L, XL
Suomy	Vandal	Full face	299.00	5	XS, S, M, L, XL, XXL
Takachi	TK30	Full face	60.00	2	S, M, L, XL
Urban	N20	Full face	100.00	3	XS, S, M, L, XL, XXL
V-Can	V100F	Full face	59.00	4	XS, S, M, L, XL
V-Can	V190	Full face	60.00	4	XS, S, M, L, XL
V-Can	V210(B)	System	75.00	3	XS, S, M, L, XL, XXL
Vemar	Jiano	System	199.00	3	XXS, XS, S, M, L, XL, XXL
Vemar	TAI2K	Full face	70.00	3	S, M, L, XL
Vemar	V1.01.1 Eclipse	Full face	160.00	4	XXS, XS, S, M, L, XL, XXL, XXXL
Vemar	V1.02.01 Midas	Full face	90.00	1	XS, S, M, L, XL, XXL
Vemar	VSREV	Full face	190.00	2	XXS, XS, S, M, L, XL
Vemar	VSSEV	Full face	119.00	1	XS, S, M, L, XL
Vemar	VTXE	Full face	149.00	2	XXS, XS, S, M, L, XL, XXL, XXXL
Vemar	VXP	Full face	79.00	3	XXS, XS, S, M, L, XL, XXL, XXXL
Viper	RS 101	System	60.00	4	XS, S, M, L, XL
Viper	RS 40	Full face	50.00	3	XXS, XS, S, M, L, XL, XXL
Viper	RS 66	Full face	60.00	3	XXS, XS, S, M, L, XL, XXL
Viper	RS V111	System	130.00	3	XS, S, M, L, XL
Viper	RS V121	System	130.00	3	XS, S, M, L, XL
Viper	RS V225	System	79.99	2	XS, S, M, L, XL
Viper	RS V99	Full face	99.00	3	XS, S, M, L, XL
Viper	RS-33	Full face	39.99	4	XS, S, M, L, XL
Viper	RS-44	Full face	49.99	4	XS, S, M, L, XL
Viper	RS-V115	System	80.00	3	XS, S, M, L, XL
Viper	RS-V5 Zero	Full face	54.99	2	XS, S, M, L, XL
Viper	RS-V7 Zero	Full face	69.99	3	XS, S, M, L, XL
Viper	RS220	Full face	54.99	4	XS, S, M, L, XL
X-Lite	X1002	System	249.00	4	XS, S, M, L, XL, XXL
X-Lite	X601	Full face	120.00	4	XS, S, M, L, XL, XXL
X-Lite	X602	Full face	250.00	4	XXS, XS, S, M, L, XL, XXL
X-Lite	X701	Full face	290.00	4	S, M, L, XL
X-Lite	X801	Full face	330.00	4	S, M, L, XL
X-Lite	X603	Full face	229.99	5	XS, S, M, L, XL
X-Lite	X702	Full face	289.99	5	XXS, XS, S, M, L, XL, XXL, XXXL
